cve_id,cwe_id,cwe_graph_depth,cwe_num_related,code_length,has_dangerous_pattern,severity_encoded,severity_known,risk_score
CVE-2017-16876,79,2,12,3,0,1,1,61.0
CVE-2015-6941,534,0,0,4,0,1,1,98.0
CVE-2017-17713,89,3,4,36,0,2,1,98.0
CVE-2017-17714,79,2,12,36,0,1,1,61.0
CVE-2021-29421,611,2,2,5,0,1,1,75.0
CVE-2016-4444,77,2,6,2,0,1,1,70.0
CVE-2021-23418,611,2,2,7,1,2,1,98.0
CVE-2021-23418,611,2,2,3,0,2,1,98.0
CVE-2021-29621,203,3,6,0,0,1,1,53.0
CVE-2021-32805,601,2,1,58,0,1,1,61.0
CVE-2021-41265,287,1,13,44,0,1,1,88.0
CVE-2023-34110,209,3,10,53,0,-1,0,27.0
CVE-2020-12607,347,2,1,1,0,1,1,75.0
CVE-2023-22898,20,1,41,9,0,-1,0,65.0
CVE-2020-15141,22,2,7,17,0,1,1,41.0
CVE-2020-15142,94,2,6,98,0,1,1,90.0
CVE-2022-1430,79,2,12,1,0,1,1,75.0
CVE-2022-2822,307,3,3,7,0,-1,0,75.0
CVE-2022-2872,434,2,9,32,0,-1,0,54.0
CVE-2022-2888,613,3,3,28,0,-1,0,44.0
CVE-2022-3068,269,1,9,1,0,-1,0,88.0
CVE-2022-3607,74,1,16,4,0,-1,0,60.0
CVE-2020-15239,22,2,7,34,0,1,1,35.0
CVE-2023-38997,22,2,7,3,0,-1,0,72.0
CVE-2023-30798,400,1,9,91,0,-1,0,75.0
CVE-2021-21360,200,2,16,8,0,1,1,53.0
CVE-2019-25091,1004,3,1,1,0,-1,0,53.0
CVE-2016-10127,611,2,2,6,0,1,1,90.0
CVE-2016-10149,611,2,2,6,0,1,1,75.0
CVE-2023-32681,200,2,16,1,0,-1,0,61.0
CVE-2020-15172,502,2,3,28,0,1,1,88.0
CVE-2018-25088,89,3,4,13,0,-1,0,98.0
CVE-2017-1002150,601,2,1,0,0,1,1,61.0
CVE-2019-25066,78,3,4,1,0,1,1,88.0
CVE-2020-11932,532,4,2,0,0,0,1,23.0
CVE-2018-20332,22,2,7,4,0,1,1,75.0
CVE-2018-14650,732,2,11,0,0,0,1,50.0
CVE-2021-3950,79,2,12,0,0,0,1,54.0
CVE-2021-3994,79,2,12,1,0,1,1,96.0
CVE-2020-15225,681,2,7,33,0,1,1,65.0
CVE-2022-1531,89,3,4,2,0,2,1,98.0
CVE-2022-1806,79,2,12,23,0,1,1,61.0
CVE-2023-1326,269,1,9,8,1,-1,0,78.0
CVE-2022-3167,1021,3,3,6,0,-1,0,88.0
CVE-2022-3174,311,1,4,12,0,-1,0,75.0
CVE-2022-3175,755,1,14,17,0,-1,0,53.0
CVE-2022-3179,521,4,3,17,0,-1,0,88.0
CVE-2022-3221,352,2,7,2,0,-1,0,88.0
CVE-2022-3232,352,2,7,52,0,-1,0,43.0
CVE-2022-3273,326,1,2,36,0,-1,0,98.0
CVE-2022-3327,306,2,3,28,0,-1,0,98.0
CVE-2022-3362,613,3,3,264,0,-1,0,98.0
CVE-2022-3364,770,2,6,6,0,-1,0,75.0
CVE-2022-3371,770,2,6,6,0,-1,0,75.0
CVE-2022-3376,521,4,3,16,0,-1,0,53.0
CVE-2022-3438,601,2,1,75,0,-1,0,61.0
CVE-2022-3439,770,2,6,124,0,-1,0,98.0
CVE-2022-3456,770,2,6,124,0,-1,0,98.0
CVE-2022-3457,346,2,7,1,0,-1,0,98.0
CVE-2022-4018,306,2,3,28,0,-1,0,43.0
CVE-2022-4314,269,1,9,45,0,-1,0,98.0
CVE-2022-4644,601,2,1,1,0,-1,0,61.0
CVE-2022-4646,352,2,7,20,0,-1,0,65.0
CVE-2022-4722,287,1,13,48,0,-1,0,72.0
CVE-2022-4723,770,2,6,2,0,-1,0,65.0
CVE-2022-4724,284,0,43,7,0,-1,0,98.0
CVE-2023-5289,770,2,6,6,0,-1,0,88.0
CVE-2022-23057,79,2,12,135,0,0,1,54.0
CVE-2015-1326,20,1,41,8,0,2,1,88.0
CVE-2014-9720,203,3,6,53,0,1,1,65.0
CVE-2019-12387,74,1,16,11,0,1,1,61.0
CVE-2022-39348,79,2,12,1,0,-1,0,54.0
CVE-2022-39348,80,3,1,1,0,-1,0,54.0
CVE-2021-41127,22,2,7,181,0,1,1,71.0
CVE-2021-41127,23,3,13,181,0,1,1,71.0
CVE-2022-0338,532,4,2,2,0,1,1,43.0
CVE-2023-22452,20,1,41,0,0,-1,0,65.0
CVE-2021-25925,79,2,12,1,0,0,1,54.0
CVE-2021-25926,79,2,12,1,0,1,1,61.0
CVE-2022-37298,287,1,13,26,0,-1,0,98.0
CVE-2015-5159,20,1,41,1,0,1,1,75.0
CVE-2022-3251,311,1,4,4,0,-1,0,53.0
CVE-2022-3268,521,4,3,4,0,-1,0,98.0
CVE-2021-21337,601,2,1,3,0,1,1,61.0
CVE-2021-32807,1321,3,3,1,0,1,1,72.0
CVE-2023-41050,200,2,16,0,0,-1,0,77.0
CVE-2017-15111,59,2,8,1,0,0,1,55.0
CVE-2021-3979,287,1,13,24,0,-1,0,65.0
CVE-2023-6778,79,2,12,1,0,-1,0,54.0
CVE-2022-0852,359,3,1,287,1,-1,0,55.0
CVE-2018-25091,601,2,1,5,0,-1,0,61.0
CVE-2020-26137,74,1,16,0,0,1,1,65.0
CVE-2020-7212,400,1,9,12,0,2,1,75.0
CVE-2023-43804,200,2,16,9,0,-1,0,81.0
CVE-2023-45803,200,2,16,4,0,-1,0,42.0
CVE-2023-22475,79,2,12,9,0,-1,0,61.0
CVE-2022-24880,754,1,9,1,0,1,1,53.0
CVE-2021-32568,502,2,3,2,0,1,1,78.0
CVE-2021-39159,78,3,4,1,0,2,1,98.0
CVE-2023-7152,416,4,9,3,0,-1,0,98.0
CVE-2023-6908,22,2,7,1,0,-1,0,59.0
CVE-2023-40587,22,2,7,5,0,-1,0,53.0
CVE-2016-10745,134,2,3,5,0,1,1,86.0
CVE-2023-32303,732,2,11,5,0,-1,0,55.0
CVE-2013-4251,269,1,9,49,0,1,1,78.0
CVE-2023-33185,347,2,1,32,0,-1,0,54.0
CVE-2022-46151,79,2,12,4,0,-1,0,61.0
CVE-2022-0315,668,1,34,8,0,1,1,75.0
CVE-2022-31501,22,2,7,1,0,1,1,93.0
CVE-2018-25082,611,2,2,2,0,-1,0,98.0
CVE-2023-49277,79,2,12,6,0,-1,0,61.0
CVE-2021-43572,347,2,1,6,0,2,1,98.0
CVE-2021-21371,502,2,3,1,0,1,1,86.0
CVE-2015-10026,89,3,4,25,0,-1,0,98.0
CVE-2021-3020,269,1,9,26,0,-1,0,88.0
CVE-2016-6298,200,2,16,0,0,1,1,53.0
CVE-2017-7572,362,2,13,7,0,2,1,81.0
CVE-2020-15118,79,2,12,1,0,0,1,54.0
CVE-2022-21683,200,2,16,3,0,1,1,43.0
CVE-2023-28837,400,1,9,5,0,-1,0,49.0
CVE-2023-28837,770,2,6,5,0,-1,0,49.0
CVE-2023-28837,400,1,9,13,0,-1,0,49.0
CVE-2023-28837,770,2,6,13,0,-1,0,49.0
CVE-2022-36436,287,1,13,6,0,-1,0,98.0
CVE-2022-23609,22,2,7,2,0,1,1,91.0
CVE-2022-23611,78,3,4,0,0,2,1,98.0
CVE-2023-49297,502,2,3,3,0,-1,0,78.0
CVE-2023-25578,770,2,6,56,0,-1,0,75.0
CVE-2022-4768,74,1,16,1,0,-1,0,98.0
CVE-2021-40839,835,2,2,0,0,1,1,75.0
CVE-2022-23651,367,3,4,19,0,0,1,47.0
CVE-2024-23329,863,2,9,0,0,-1,0,37.0
CVE-2017-9225,787,3,10,2,0,2,1,98.0
CVE-2022-24840,22,2,7,58,1,2,1,98.0
CVE-2013-10009,89,3,4,2,0,-1,0,98.0
CVE-2018-10657,20,1,41,4,0,1,1,75.0
CVE-2020-26257,400,1,9,54,0,1,1,65.0
CVE-2021-21273,601,2,1,115,0,1,1,61.0
CVE-2021-21274,770,2,6,18,0,1,1,65.0
CVE-2021-21332,79,2,12,38,0,1,1,82.0
CVE-2021-21333,79,2,12,38,0,0,1,61.0
CVE-2021-29471,331,2,3,68,0,1,1,53.0
CVE-2022-31052,674,2,2,24,0,0,1,65.0
CVE-2021-31606,287,1,13,12,0,1,1,75.0
CVE-2023-0406,352,2,7,0,0,-1,0,43.0
CVE-2023-0438,352,2,7,1,0,-1,0,65.0
CVE-2023-2160,521,4,3,0,0,-1,0,98.0
CVE-2023-2227,285,1,11,4,0,-1,0,91.0
CVE-2023-2228,352,2,7,0,0,-1,0,68.0
CVE-2021-27213,502,2,3,3,0,2,1,98.0
CVE-2020-25646,116,1,5,7,0,1,1,75.0
CVE-2022-4105,79,2,12,0,0,-1,0,54.0
CVE-2022-44900,22,2,7,53,0,-1,0,91.0
CVE-2020-23014,79,2,12,2,0,0,1,54.0
CVE-2020-5240,863,2,9,1,0,1,1,85.0
CVE-2022-31124,209,3,10,86,0,1,1,65.0
CVE-2022-31124,209,3,10,1,0,1,1,65.0
CVE-2017-14695,22,2,7,11,0,2,1,98.0
CVE-2017-14696,20,1,41,0,0,1,1,75.0
CVE-2023-48795,354,2,4,5,0,-1,0,59.0
CVE-2011-2765,59,2,8,1,0,1,1,75.0
CVE-2023-22451,521,4,3,16,0,-1,0,88.0
CVE-2023-25171,770,2,6,2,0,-1,0,59.0
CVE-2023-27489,79,2,12,1,0,-1,0,54.0
CVE-2023-33977,79,2,12,0,0,-1,0,54.0
CVE-2020-26236,287,1,13,7,0,1,1,75.0
CVE-2016-1000003,94,2,6,1,1,2,1,98.0
CVE-2022-0869,601,2,1,64,1,1,1,61.0
CVE-2021-42134,79,2,12,62,1,1,1,61.0
CVE-2022-29217,327,1,8,23,0,1,1,75.0
CVE-2023-39523,77,2,6,1,1,-1,0,88.0
CVE-2023-35934,200,2,16,3,0,-1,0,82.0
CVE-2023-35934,200,2,16,2,0,-1,0,82.0
CVE-2023-35934,200,2,16,2,0,-1,0,82.0
CVE-2023-40581,78,3,4,13,1,-1,0,78.0
CVE-2023-46121,444,2,1,15,0,-1,0,37.0
CVE-2024-21642,918,3,2,35,0,-1,0,75.0
CVE-2021-39182,326,1,2,4,0,1,1,75.0
CVE-2014-1858,20,1,41,51,0,0,1,55.0
CVE-2014-1859,59,2,8,51,0,0,1,55.0
CVE-2023-2800,377,2,3,1,0,-1,0,47.0
CVE-2023-6730,502,2,3,61,0,-1,0,88.0
CVE-2023-7018,502,2,3,61,0,-1,0,78.0
CVE-2023-1176,36,3,5,1,0,-1,0,33.0
CVE-2023-2356,23,3,13,1,0,-1,0,75.0
CVE-2023-2780,29,4,1,30,0,-1,0,98.0
CVE-2023-3765,36,3,5,19,0,-1,0,100.0
CVE-2023-4033,78,3,4,19,0,-1,0,78.0
CVE-2023-6568,79,2,12,2,0,-1,0,61.0
CVE-2023-6709,1336,3,2,2,0,-1,0,88.0
CVE-2023-6753,22,2,7,16,0,-1,0,88.0
CVE-2023-6831,22,2,7,152,0,-1,0,81.0
CVE-2023-6909,29,4,1,152,0,-1,0,75.0
CVE-2023-6974,918,3,2,5,0,-1,0,98.0
CVE-2023-6975,29,4,1,1,0,-1,0,98.0
CVE-2023-6976,434,2,9,17,0,-1,0,88.0
CVE-2023-6977,29,4,1,2,0,-1,0,75.0
CVE-2018-8097,94,2,6,6,1,2,1,98.0
CVE-2023-39522,203,3,6,4,0,-1,0,53.0
CVE-2023-48228,287,1,13,1,0,-1,0,98.0
CVE-2022-4526,79,2,12,1,1,-1,0,61.0
CVE-2021-29510,835,2,2,4,0,1,1,75.0
CVE-2014-125065,89,3,4,11,0,-1,0,98.0
CVE-2023-40954,89,3,4,3,0,-1,0,98.0
CVE-2017-16613,287,1,13,5,0,2,1,98.0
CVE-2022-4527,79,2,12,17,0,-1,0,61.0
CVE-2021-29501,77,2,6,4,0,1,1,65.0
CVE-2020-7698,78,3,4,69,0,2,1,98.0
CVE-2024-22194,215,3,2,0,0,-1,0,28.0
CVE-2024-22194,337,3,1,0,0,-1,0,28.0
CVE-2021-29502,94,2,6,4,0,1,1,65.0
CVE-2022-23071,918,3,2,31,0,1,1,65.0
CVE-2022-41905,79,2,12,4,0,-1,0,61.0
CVE-2017-20172,89,3,4,1,0,-1,0,98.0
CVE-2018-19351,79,2,12,0,0,1,1,61.0
CVE-2019-10255,601,2,1,0,0,1,1,61.0
CVE-2023-34233,77,2,6,9,0,-1,0,88.0
CVE-2020-25459,668,1,34,1,0,1,1,75.0
CVE-2023-48310,20,1,41,68,0,-1,0,75.0
CVE-2023-43791,200,2,16,2,0,-1,0,88.0
CVE-2023-47116,918,3,2,11,0,-1,0,53.0
CVE-2023-34094,306,2,3,0,0,-1,0,53.0
CVE-2022-31564,22,2,7,1,0,1,1,93.0
CVE-2022-4595,707,0,11,69,0,-1,0,61.0
CVE-2015-10069,89,3,4,3,0,-1,0,98.0
CVE-2019-25101,436,1,10,56,0,-1,0,98.0
CVE-2022-39268,352,2,7,4,0,-1,0,81.0
CVE-2016-2512,79,2,12,2,0,1,1,74.0
CVE-2020-5224,326,1,2,12,0,1,1,88.0
CVE-2023-49281,601,2,1,2,0,-1,0,61.0
CVE-2023-49281,601,2,1,2,0,-1,0,61.0
CVE-2023-49281,601,2,1,1,0,-1,0,61.0
CVE-2023-26150,287,1,13,222,0,-1,0,75.0
CVE-2023-26150,287,1,13,1,0,-1,0,75.0
CVE-2023-26151,835,2,2,9,0,-1,0,75.0
CVE-2021-25964,79,2,12,12,1,0,1,54.0
CVE-2021-4164,352,2,7,57,0,1,1,88.0
CVE-2022-0273,284,0,43,1,0,1,1,65.0
CVE-2022-0339,918,3,2,51,0,2,1,98.0
CVE-2022-0405,284,0,43,51,0,1,1,43.0
CVE-2022-0406,863,2,9,1,0,1,1,43.0
CVE-2022-0766,918,3,2,2,0,2,1,98.0
CVE-2022-0767,918,3,2,2,0,2,1,99.0
CVE-2022-0939,918,3,2,624,0,2,1,99.0
CVE-2022-0990,918,3,2,624,0,1,1,91.0
CVE-2020-5390,347,2,1,0,0,1,1,75.0
CVE-2023-0055,319,2,5,1,0,-1,0,53.0
CVE-2023-0057,1021,3,3,1,0,-1,0,61.0
CVE-2023-0227,613,3,3,4,0,-1,0,65.0
CVE-2023-0297,94,2,6,2,0,-1,0,98.0
CVE-2023-0434,20,1,41,3,0,-1,0,75.0
CVE-2023-0509,295,2,8,2,0,-1,0,74.0
CVE-2024-21645,74,1,16,4,0,-1,0,53.0
CVE-2024-22416,352,2,7,1,0,-1,0,88.0
CVE-2024-24808,601,2,1,20,0,-1,0,61.0
CVE-2018-1000070,94,2,6,3,1,1,1,88.0
CVE-2023-45139,611,2,2,0,0,-1,0,75.0
CVE-2022-45907,94,2,6,3,1,-1,0,98.0
CVE-2020-11078,93,2,5,1,0,1,1,68.0
CVE-2021-21240,400,1,9,1032,0,1,1,75.0
CVE-2018-7750,287,1,13,2,0,2,1,98.0
CVE-2021-32838,400,1,9,1,0,1,1,75.0
CVE-2020-15278,863,2,9,24,0,1,1,75.0
CVE-2022-0932,862,2,6,11,0,1,1,65.0
CVE-2022-39275,863,2,9,4,0,-1,0,43.0
CVE-2023-26051,209,3,10,9,0,-1,0,43.0
CVE-2023-32694,203,3,6,16,0,-1,0,54.0
CVE-2020-26280,79,2,12,5,0,0,1,89.0
CVE-2018-6596,200,2,16,3,0,1,1,91.0
CVE-2023-47248,502,2,3,245,0,-1,0,98.0
CVE-2021-21386,78,3,4,2,1,2,1,98.0
CVE-2021-21386,88,3,3,2,1,2,1,98.0
CVE-2021-38606,330,1,10,9,1,2,1,98.0
CVE-2022-1813,78,3,4,2,1,2,1,98.0
CVE-2021-4315,94,2,6,5,0,-1,0,88.0
CVE-2015-10062,74,1,16,23,0,-1,0,98.0
CVE-2022-33146,601,2,1,2,0,1,1,61.0
CVE-2021-3828,697,0,10,1,0,1,1,75.0
CVE-2021-3842,1333,4,1,20,0,1,1,75.0
CVE-2021-43854,400,1,9,5,0,1,1,75.0
CVE-2023-6022,352,2,7,19,0,-1,0,88.0
CVE-2017-2809,94,2,6,29,0,1,1,78.0
CVE-2015-3171,200,2,16,0,0,0,1,55.0
CVE-2022-0645,601,2,1,13,0,1,1,61.0
CVE-2022-1592,918,3,2,10,0,1,1,82.0
CVE-2016-3120,476,1,6,1,0,1,1,65.0
CVE-2021-36222,476,1,6,1,0,1,1,75.0
CVE-2017-0906,918,3,2,6,0,2,1,98.0
CVE-2021-25962,1236,2,1,5,0,1,1,88.0
CVE-2021-25963,79,2,12,11,0,1,1,61.0
CVE-2022-41322,116,1,5,3,0,-1,0,78.0
CVE-2015-8747,20,1,41,0,0,2,1,100.0
CVE-2024-5711,79,2,12,76,0,-1,0,61.0
CVE-2022-31137,78,3,4,188,0,2,1,98.0
CVE-2022-24757,532,4,2,2,0,1,1,75.0
CVE-2023-39968,601,2,1,2,0,-1,0,61.0
CVE-2023-40170,284,0,43,0,0,-1,0,61.0
CVE-2023-40170,306,2,3,0,0,-1,0,61.0
CVE-2023-49080,209,3,10,5,0,-1,0,43.0
CVE-2024-23826,770,2,6,0,0,-1,0,57.0
CVE-2021-33880,203,3,6,15,0,0,1,59.0
CVE-2022-31188,918,3,2,0,0,-1,0,98.0
CVE-2018-1000807,416,4,9,11,0,1,1,81.0
CVE-2018-20954,287,1,13,3,0,1,1,75.0
CVE-2021-46898,601,2,1,7,1,-1,0,61.0
CVE-2021-4041,116,1,5,11,1,-1,0,78.0
CVE-2023-46138,640,3,2,3,0,-1,0,53.0
CVE-2024-22203,918,3,2,7,0,-1,0,98.0
CVE-2024-22204,22,2,7,7,0,-1,0,53.0
CVE-2024-22205,918,3,2,7,0,-1,0,98.0
CVE-2024-22417,79,2,12,7,0,-1,0,61.0
CVE-2021-4118,502,2,3,6,0,1,1,78.0
CVE-2022-0845,94,2,6,1,1,2,1,98.0
CVE-2018-7889,502,2,3,15,0,1,1,78.0
CVE-2022-40897,1333,4,1,2,0,-1,0,59.0
CVE-2022-40023,1333,4,1,8,0,-1,0,75.0
CVE-2021-41192,1188,3,4,1,0,0,1,65.0
CVE-2021-43777,601,2,1,93,1,1,1,61.0
CVE-2021-43780,918,3,2,31,0,1,1,88.0
CVE-2020-15720,295,2,8,3,0,1,1,68.0
CVE-2016-5851,611,2,2,2,0,1,1,88.0
CVE-2023-40017,918,3,2,2,0,-1,0,75.0
CVE-2023-42439,918,3,2,2,0,-1,0,65.0
CVE-2022-2134,770,2,6,110,0,1,1,65.0
CVE-2022-3355,79,2,12,0,0,-1,0,54.0
CVE-2022-45908,94,2,6,3,1,-1,0,98.0
CVE-2014-125070,79,2,12,3,0,-1,0,61.0
CVE-2014-125078,79,2,12,6,0,-1,0,54.0
CVE-2021-43831,22,2,7,3,0,0,1,77.0
CVE-2023-51449,22,2,7,1,0,-1,0,75.0
CVE-2023-51449,22,2,7,1,0,-1,0,75.0
CVE-2024-0964,22,2,7,444,0,-1,0,94.0
CVE-2023-27494,79,2,12,6,0,-1,0,61.0
CVE-2022-4860,89,3,4,26,0,-1,0,98.0
CVE-2024-22415,22,2,7,13,0,-1,0,98.0
CVE-2020-28919,79,2,12,4,0,0,1,54.0
CVE-2020-28919,79,2,12,2,0,0,1,54.0
CVE-2021-41185,22,2,7,3,0,1,1,65.0
CVE-2022-37109,522,3,9,17,0,-1,0,98.0
CVE-2024-24762,1333,4,1,23,0,-1,0,75.0
CVE-2022-35411,522,3,9,2,0,2,1,98.0
CVE-2023-47641,444,2,1,3,0,-1,0,65.0
CVE-2023-49082,20,1,41,3,0,-1,0,53.0
CVE-2023-49082,93,2,5,3,0,-1,0,53.0
CVE-2024-23829,444,2,1,17,0,-1,0,65.0
CVE-2016-9964,93,2,5,11,0,1,1,65.0
CVE-2023-5498,352,2,7,17,0,-1,0,43.0
CVE-2021-34363,22,2,7,0,0,1,1,91.0
CVE-2022-24766,444,2,1,12,0,2,1,98.0
CVE-2021-37705,863,2,9,31,0,1,1,100.0
CVE-2017-5934,79,2,12,1,0,1,1,61.0
CVE-2017-5537,200,2,16,0,0,1,1,53.0
CVE-2023-43810,400,1,9,19,0,-1,0,75.0
CVE-2014-125028,352,2,7,5,0,-1,0,88.0
CVE-2019-11340,20,1,41,5,0,1,1,59.0
CVE-2021-29430,770,2,6,2,0,1,1,75.0
CVE-2021-29430,770,2,6,3,0,1,1,75.0
CVE-2021-29430,770,2,6,4,0,1,1,75.0
CVE-2021-29431,20,1,41,19,0,1,1,65.0
CVE-2021-29431,918,3,2,19,0,1,1,65.0
CVE-2021-29431,20,1,41,47,0,1,1,65.0
CVE-2021-29431,918,3,2,47,0,1,1,65.0
CVE-2021-29431,20,1,41,6,0,1,1,65.0
CVE-2021-29431,918,3,2,6,0,1,1,65.0
CVE-2021-29431,20,1,41,5,0,1,1,65.0
CVE-2021-29431,918,3,2,5,0,1,1,65.0
CVE-2021-29433,20,1,41,3,0,1,1,43.0
CVE-2023-38686,295,2,8,2,0,-1,0,53.0
CVE-2022-23470,22,2,7,1,0,-1,0,75.0
CVE-2021-32677,352,2,7,12,0,1,1,81.0
CVE-2022-39280,1333,4,1,41,0,-1,0,75.0
CVE-2023-33979,200,2,16,1,0,-1,0,65.0
CVE-2022-24798,212,2,4,2,0,1,1,75.0
CVE-2019-10682,312,2,9,0,0,1,1,75.0
CVE-2015-10049,79,2,12,14,0,-1,0,61.0
CVE-2017-8342,362,2,13,2,0,1,1,81.0
CVE-2022-4638,79,2,12,26,0,-1,0,61.0
CVE-2023-28627,78,3,4,5,0,-1,0,88.0
CVE-2019-20916,22,2,7,5,0,1,1,75.0
CVE-2021-43781,863,2,9,1,0,1,1,43.0
CVE-2022-46174,362,2,13,34,0,-1,0,42.0
CVE-2018-25087,404,1,13,0,0,-1,0,75.0
CVE-2023-41039,74,1,16,13,1,-1,0,77.0
CVE-2023-37474,22,2,7,1,0,-1,0,75.0
CVE-2023-38501,79,2,12,2,0,-1,0,61.0
CVE-2015-5263,295,2,8,58,0,1,1,81.0
CVE-2023-28458,22,2,7,1,0,-1,0,43.0
CVE-2023-28459,22,2,7,1,0,-1,0,65.0
CVE-2023-41885,203,3,6,1,0,-1,0,53.0
CVE-2023-47128,89,3,4,2,0,-1,0,91.0
CVE-2021-3027,74,1,16,2,0,1,1,65.0
CVE-2020-36324,79,2,12,3,0,1,1,61.0
CVE-2014-125082,89,3,4,4,0,-1,0,98.0
CVE-2022-46179,639,3,3,1,0,-1,0,78.0
CVE-2022-1053,20,1,41,17,0,1,1,91.0
CVE-2022-23949,290,3,7,0,0,-1,0,75.0
CVE-2022-23949,290,3,7,44,0,-1,0,75.0
CVE-2022-23949,290,3,7,3,0,-1,0,75.0
CVE-2022-23950,668,1,34,4,0,-1,0,75.0
CVE-2018-10897,59,2,8,9,0,2,1,81.0
CVE-2013-7459,119,2,27,8,0,2,1,98.0
CVE-2020-15190,20,1,41,1,0,1,1,53.0
CVE-2020-15190,476,1,6,1,0,1,1,53.0
CVE-2020-15194,20,1,41,2,0,1,1,53.0
CVE-2020-15194,617,2,3,2,0,1,1,53.0
CVE-2020-15195,787,3,10,2,0,1,1,88.0
CVE-2020-15196,125,3,7,0,0,1,1,99.0
CVE-2020-15197,20,1,41,0,0,0,1,63.0
CVE-2020-15197,617,2,3,0,0,0,1,63.0
CVE-2020-15198,119,2,27,0,0,1,1,54.0
CVE-2020-15199,20,1,41,0,0,1,1,59.0
CVE-2020-15200,787,3,10,0,0,1,1,59.0
CVE-2020-15201,787,3,10,0,0,1,1,48.0
CVE-2020-15204,476,1,6,1,0,1,1,53.0
CVE-2020-15205,787,3,10,1,0,2,1,98.0
CVE-2020-15265,125,3,7,0,0,1,1,75.0
CVE-2020-26267,125,3,7,7,0,1,1,78.0
CVE-2021-29614,787,3,10,27,0,1,1,78.0
CVE-2021-37642,369,1,1,1,0,0,1,55.0
CVE-2021-37647,476,1,6,0,0,0,1,55.0
CVE-2021-37668,369,1,1,1,0,0,1,55.0
CVE-2021-37678,502,2,3,55,0,1,1,88.0
CVE-2021-37679,681,2,7,0,0,1,1,78.0
CVE-2021-41195,190,1,6,2,0,0,1,55.0
CVE-2021-41196,191,1,1,0,0,0,1,55.0
CVE-2021-41197,190,1,6,0,0,0,1,55.0
CVE-2021-41197,190,1,6,0,0,0,1,55.0
CVE-2021-41197,190,1,6,12,0,0,1,55.0
CVE-2021-41198,190,1,6,1,0,0,1,55.0
CVE-2021-41199,190,1,6,5,0,0,1,55.0
CVE-2021-41200,617,2,3,0,0,0,1,55.0
CVE-2021-41206,354,2,4,0,0,1,1,78.0
CVE-2021-41206,354,2,4,15,0,1,1,78.0
CVE-2021-41206,354,2,4,2,0,1,1,78.0
CVE-2021-41207,369,1,1,0,0,0,1,55.0
CVE-2021-41208,476,1,6,6,0,1,1,78.0
CVE-2021-41209,369,1,1,0,0,0,1,55.0
CVE-2021-41210,125,3,7,0,0,0,1,71.0
CVE-2021-41212,125,3,7,2,0,0,1,71.0
CVE-2021-41213,662,1,16,3,0,1,1,55.0
CVE-2021-41214,824,3,3,2,0,1,1,78.0
CVE-2021-41215,476,1,6,0,0,0,1,55.0
CVE-2021-41218,369,1,1,0,0,0,1,55.0
CVE-2021-41220,416,4,9,11,0,1,1,78.0
CVE-2021-41223,125,3,7,7,0,0,1,71.0
CVE-2021-41228,94,2,6,10,1,1,1,78.0
CVE-2022-21727,190,1,6,0,0,1,1,88.0
CVE-2022-21729,190,1,6,1,0,1,1,65.0
CVE-2022-21730,125,3,7,0,0,1,1,81.0
CVE-2022-21731,843,2,3,1,0,1,1,65.0
CVE-2022-21733,190,1,6,3,0,1,1,65.0
CVE-2022-21734,843,2,3,124,0,1,1,65.0
CVE-2022-21735,369,1,1,0,0,1,1,65.0
CVE-2022-21736,476,1,6,19,0,1,1,65.0
CVE-2022-29195,20,1,41,1,0,0,1,55.0
CVE-2022-29196,1284,2,3,0,0,0,1,55.0
CVE-2022-29198,20,1,41,0,0,0,1,55.0
CVE-2022-29199,20,1,41,0,0,0,1,55.0
CVE-2022-29200,1284,2,3,0,0,0,1,55.0
CVE-2022-29202,1284,2,3,0,0,0,1,55.0
CVE-2022-29206,20,1,41,6,0,0,1,55.0
CVE-2022-29206,476,1,6,6,0,0,1,55.0
CVE-2022-29207,20,1,41,4,0,0,1,55.0
CVE-2022-29207,475,2,1,4,0,0,1,55.0
CVE-2022-29208,787,3,10,10,0,0,1,71.0
CVE-2022-29213,617,2,3,0,0,0,1,55.0
CVE-2022-29216,94,2,6,10,1,1,1,78.0
CVE-2022-29216,94,2,6,40,0,1,1,78.0
CVE-2022-35934,617,2,3,0,0,-1,0,75.0
CVE-2022-35941,617,2,3,3,0,-1,0,75.0
CVE-2022-35952,617,2,3,0,0,-1,0,75.0
CVE-2022-35960,617,2,3,0,0,-1,0,75.0
CVE-2022-35963,617,2,3,1,0,-1,0,75.0
CVE-2022-35965,476,1,6,0,0,-1,0,75.0
CVE-2022-35968,617,2,3,3,0,-1,0,75.0
CVE-2022-35969,617,2,3,4,0,-1,0,75.0
CVE-2022-35981,617,2,3,10,0,-1,0,75.0
CVE-2022-35984,617,2,3,7,0,-1,0,75.0
CVE-2022-35985,617,2,3,1,0,-1,0,75.0
CVE-2022-35988,617,2,3,0,0,-1,0,75.0
CVE-2022-35989,617,2,3,0,0,-1,0,75.0
CVE-2022-35990,617,2,3,4,0,-1,0,75.0
CVE-2022-35991,617,2,3,0,0,-1,0,75.0
CVE-2022-35992,617,2,3,0,0,-1,0,75.0
CVE-2022-35993,617,2,3,2,0,-1,0,75.0
CVE-2022-35994,617,2,3,0,0,-1,0,75.0
CVE-2022-35995,617,2,3,0,0,-1,0,75.0
CVE-2022-35996,369,1,1,0,0,-1,0,75.0
CVE-2022-35997,617,2,3,0,0,-1,0,75.0
CVE-2022-35998,617,2,3,4,0,-1,0,75.0
CVE-2022-35999,617,2,3,0,0,-1,0,75.0
CVE-2022-36000,476,1,6,0,0,-1,0,75.0
CVE-2022-36001,617,2,3,3,0,-1,0,75.0
CVE-2022-36002,617,2,3,0,0,-1,0,75.0
CVE-2022-36003,617,2,3,2,0,-1,0,75.0
CVE-2022-36004,617,2,3,2,0,-1,0,75.0
CVE-2022-36005,617,2,3,4,0,-1,0,75.0
CVE-2022-36018,617,2,3,0,0,-1,0,75.0
CVE-2022-36026,617,2,3,105,0,-1,0,75.0
CVE-2022-41880,125,3,7,0,0,-1,0,91.0
CVE-2022-41883,125,3,7,0,0,-1,0,75.0
CVE-2022-41886,131,1,3,4,0,-1,0,75.0
CVE-2022-41889,476,1,6,5,0,-1,0,75.0
CVE-2022-41893,617,2,3,0,0,-1,0,75.0
CVE-2022-41895,125,3,7,3,0,-1,0,75.0
CVE-2022-41897,125,3,7,1,0,-1,0,75.0
CVE-2022-41901,617,2,3,0,0,-1,0,75.0
CVE-2022-41907,131,1,3,5,0,-1,0,75.0
CVE-2022-41908,20,1,41,3,0,-1,0,75.0
CVE-2022-41909,476,1,6,0,0,-1,0,75.0
CVE-2022-41909,476,1,6,0,0,-1,0,75.0
CVE-2023-25662,190,1,6,1,0,-1,0,75.0
CVE-2023-25663,476,1,6,2,0,-1,0,75.0
CVE-2023-25664,120,4,10,0,0,-1,0,98.0
CVE-2023-25664,122,4,2,0,0,-1,0,98.0
CVE-2023-25665,476,1,6,35,0,-1,0,75.0
CVE-2023-25668,122,4,2,0,0,-1,0,98.0
CVE-2023-25668,125,3,7,0,0,-1,0,98.0
CVE-2023-25672,476,1,6,2,0,-1,0,75.0
CVE-2023-25673,697,0,10,0,0,-1,0,75.0
CVE-2023-25674,476,1,6,0,0,-1,0,75.0
CVE-2023-25676,476,1,6,3,0,-1,0,75.0
CVE-2023-25801,415,4,7,4,0,-1,0,78.0
CVE-2014-3498,20,1,41,18,1,1,1,88.0
CVE-2014-4678,74,1,16,15,0,2,1,98.0
CVE-2015-6240,59,2,8,61,1,2,1,78.0
CVE-2015-6240,59,2,8,36,1,2,1,78.0
CVE-2017-7481,20,1,41,3,0,2,1,98.0
CVE-2020-15235,200,2,16,3,0,1,1,75.0
CVE-2021-21329,287,1,13,1,0,1,1,98.0
CVE-2021-21329,287,1,13,60,0,1,1,98.0
CVE-2015-3220,119,2,27,0,0,1,1,75.0
CVE-2023-46229,918,3,2,2,0,-1,0,88.0
CVE-2021-32839,400,1,9,1,0,1,1,75.0
CVE-2023-30608,1333,4,1,4,0,-1,0,75.0
CVE-2023-30608,1333,4,1,2,0,-1,0,75.0
CVE-2019-19010,94,2,6,109,1,2,1,98.0
CVE-2023-46250,835,2,2,5,0,-1,0,55.0
CVE-2021-43829,434,2,9,4,0,1,1,88.0
CVE-2021-21376,200,2,16,132,1,1,1,65.0
CVE-2021-21377,601,2,1,132,1,1,1,54.0
CVE-2021-3429,532,4,2,16,1,-1,0,55.0
CVE-2022-2084,532,4,2,11,0,-1,0,55.0
CVE-2023-1786,532,4,2,23,0,-1,0,55.0
CVE-2021-21354,601,2,1,1,0,1,1,61.0
CVE-2023-37920,345,1,20,131,0,-1,0,98.0
CVE-2015-8309,22,2,7,3,0,1,1,43.0
CVE-2015-8310,79,2,12,3,0,0,1,54.0
CVE-2019-10160,172,1,8,8,0,1,1,98.0
CVE-2021-4189,252,2,4,3,0,-1,0,53.0
CVE-2018-25045,79,2,12,17,1,-1,0,61.0
CVE-2022-39286,427,2,2,16,0,-1,0,88.0
CVE-2023-31143,306,2,3,16,0,-1,0,98.0
CVE-2017-0881,863,2,9,1,0,1,1,43.0
CVE-2017-0896,862,2,6,0,0,1,1,65.0
CVE-2021-43791,613,3,3,30,0,1,1,53.0
CVE-2022-24751,362,2,13,1,0,1,1,74.0
CVE-2022-31168,285,1,11,4,0,-1,0,88.0
CVE-2022-31168,863,2,9,4,0,-1,0,88.0
CVE-2023-22735,436,1,10,29,0,-1,0,46.0
CVE-2023-22735,436,1,10,59,0,-1,0,46.0
CVE-2022-24737,200,2,16,117,0,1,1,65.0
CVE-2022-31153,863,2,9,96,0,-1,0,65.0
CVE-2022-4396,79,2,12,5,0,-1,0,54.0
CVE-2023-40021,203,3,6,8,0,-1,0,53.0
CVE-2024-22194,215,3,2,3,0,-1,0,28.0
CVE-2024-22194,337,3,1,3,0,-1,0,28.0
CVE-2021-21433,78,3,4,0,0,1,1,88.0
CVE-2024-21663,77,2,6,4,0,-1,0,88.0
CVE-2021-29493,94,2,6,86,0,1,1,88.0
CVE-2020-15120,863,2,9,2,0,1,1,49.0
CVE-2016-9909,79,2,12,11,0,1,1,61.0
CVE-2016-9910,79,2,12,11,0,1,1,61.0
CVE-2012-4406,502,2,3,17,1,2,1,98.0
CVE-2020-26759,120,4,10,159,0,2,1,98.0
CVE-2020-36768,89,3,4,29,0,-1,0,98.0
CVE-2017-7266,601,2,1,12,0,1,1,61.0
CVE-2023-36826,863,2,9,53,0,-1,0,65.0
CVE-2023-36829,697,0,10,9,0,-1,0,54.0
CVE-2023-39349,284,0,43,3,0,-1,0,81.0
CVE-2023-39349,287,1,13,3,0,-1,0,81.0
CVE-2023-47163,674,2,2,5,0,-1,0,75.0
CVE-2021-32837,1333,4,1,3,0,-1,0,75.0
CVE-2023-27586,918,3,2,3,0,-1,0,71.0
CVE-2021-31245,287,1,13,1,0,1,1,59.0
CVE-2022-42725,59,2,8,0,0,-1,0,75.0
CVE-2022-42725,59,2,8,14,0,-1,0,75.0
CVE-2022-42725,59,2,8,4,0,-1,0,75.0
CVE-2022-42725,59,2,8,1,0,-1,0,75.0
CVE-2023-0440,203,3,6,28,0,-1,0,53.0
CVE-2023-30620,22,2,7,2,0,-1,0,75.0
CVE-2023-38699,311,1,4,2,0,-1,0,65.0
CVE-2023-49795,918,3,2,6,0,-1,0,53.0
CVE-2023-26145,77,2,6,0,0,-1,0,81.0
CVE-2023-26145,94,2,6,0,0,-1,0,81.0
CVE-2022-0577,863,2,9,6,0,1,1,65.0
CVE-2020-8545,22,2,7,23,0,1,1,75.0
CVE-2021-23422,78,3,4,17,0,1,1,78.0
CVE-2021-23423,22,2,7,17,0,1,1,75.0
CVE-2019-10800,88,3,3,3,0,1,1,65.0
CVE-2023-5832,20,1,41,1,0,-1,0,91.0
CVE-2020-15110,863,2,9,16,0,1,1,81.0
CVE-2009-5145,79,2,12,0,0,1,1,61.0
CVE-2021-32633,22,2,7,2,0,1,1,88.0
CVE-2021-32674,22,2,7,23,0,1,1,88.0
CVE-2023-42458,79,2,12,0,0,-1,0,54.0
CVE-2023-42458,80,3,1,0,0,-1,0,54.0
CVE-2022-31507,22,2,7,2,0,1,1,93.0
CVE-2022-4495,79,2,12,19,0,-1,0,61.0
CVE-2022-24857,287,1,13,1,0,1,1,88.0
CVE-2022-4728,79,2,12,15,0,-1,0,54.0
CVE-2022-4729,79,2,12,15,0,-1,0,54.0
CVE-2022-4730,79,2,12,15,0,-1,0,54.0
CVE-2021-39207,502,2,3,1,0,1,1,88.0
CVE-2021-39207,502,2,3,2,0,1,1,88.0
CVE-2023-34457,20,1,41,23,0,-1,0,75.0
CVE-2015-10010,79,2,12,4,0,-1,0,61.0
CVE-2015-10011,116,1,5,1,0,-1,0,98.0
CVE-2023-46128,312,2,9,7,0,-1,0,65.0
CVE-2023-48705,79,2,12,228,1,-1,0,54.0
CVE-2023-50263,306,2,3,5,0,-1,0,53.0
CVE-2024-23345,79,2,12,46,0,-1,0,54.0
CVE-2018-10895,352,2,7,21,0,1,1,88.0
CVE-2020-11054,684,1,9,9,0,1,1,35.0
CVE-2021-41146,77,2,6,2,0,1,1,88.0
CVE-2019-14806,331,2,3,0,0,1,1,75.0
CVE-2019-16785,444,2,1,303,0,1,1,75.0
CVE-2019-16792,444,2,1,3,0,1,1,75.0
CVE-2022-2514,79,2,12,18,1,-1,0,61.0
CVE-2020-11010,89,3,4,23,0,1,1,88.0
CVE-2023-50264,22,2,7,3,0,-1,0,75.0
CVE-2023-50265,22,2,7,3,0,-1,0,75.0
CVE-2023-50266,918,3,2,3,0,-1,0,53.0
CVE-2021-27291,1333,4,1,12,0,1,1,75.0
CVE-2022-4589,601,2,1,18,0,-1,0,61.0
CVE-2021-23393,601,2,1,3,0,1,1,54.0
CVE-2021-4162,352,2,7,8,0,1,1,43.0
CVE-2022-0697,601,2,1,3,0,1,1,61.0
CVE-2023-32309,22,2,7,9,0,-1,0,75.0
CVE-2016-9243,20,1,41,1,0,1,1,75.0
CVE-2023-36827,22,2,7,0,0,-1,0,75.0
CVE-2023-37480,400,1,9,0,0,-1,0,49.0
CVE-2023-37481,400,1,9,2,0,-1,0,49.0
CVE-2023-41319,693,0,26,414,1,-1,0,72.0
CVE-2023-41319,94,2,6,414,1,-1,0,72.0
CVE-2023-47114,79,2,12,2,0,-1,0,61.0
CVE-2017-5591,20,1,41,2,0,1,1,59.0
CVE-2017-5591,346,2,7,2,0,1,1,59.0
CVE-2018-19787,79,2,12,5,0,1,1,61.0
CVE-2021-43818,74,1,16,8,0,1,1,71.0
CVE-2021-43818,79,2,12,8,0,1,1,71.0
CVE-2021-43818,74,1,16,0,0,1,1,71.0
CVE-2021-43818,79,2,12,0,0,1,1,71.0
CVE-2021-41124,200,2,16,94,0,1,1,75.0
CVE-2022-24787,697,0,10,104,0,1,1,75.0
CVE-2022-24788,119,2,27,80,0,2,1,98.0
CVE-2022-24845,190,1,6,80,0,2,1,98.0
CVE-2022-29255,670,1,7,8,0,1,1,75.0
CVE-2023-30629,670,1,7,7,0,-1,0,75.0
CVE-2023-30837,789,3,5,17,0,-1,0,75.0
CVE-2023-31146,787,3,10,15,0,-1,0,91.0
CVE-2023-32058,190,1,6,0,0,-1,0,75.0
CVE-2023-32675,670,1,7,9,0,-1,0,53.0
CVE-2023-37902,252,2,4,20,0,-1,0,53.0
CVE-2023-42441,667,2,12,126,0,-1,0,53.0
CVE-2023-46247,193,1,4,17,0,-1,0,75.0
CVE-2023-46247,682,0,14,17,0,-1,0,75.0
CVE-2024-22419,787,3,10,6,0,-1,0,98.0
CVE-2022-31506,22,2,7,13,0,1,1,93.0
